city,latto_count,latto_percent,drake_count,drake_percent,iamcardib_count,iamcardib_percent,kanyewest_count,kanyewest_percent,kendricklamar_count,kendricklamar_percent,tylerthecreator_count,tylerthecreator_percent,jcolenc_count,jcolenc_percent,lildurk_count,lildurk_percent,1future_count,1future_percent,lilbaby4pf_count,lilbaby4pf_percent,nickiminaj_count,nickiminaj_percent,w_avg,Category Level 1,Category Level 2,Entity
Chicago,38.0,8.05084745762712,483.0,9.696848022485444,62.0,7.888040712468193,414.0,10.55314810094316,263.0,9.809772472957851,194.0,8.964879852125692,352.0,10.395747194329594,287.0,15.129151291512914,222.0,10.009017132551849,501.0,11.327153515713317,192.0,8.070617906683479,10.510160330407057,Music,Rapper,Person
Los Angeles,38.0,8.05084745762712,495.0,9.937763501304959,101.0,12.849872773536896,416.0,10.604129492735154,338.0,12.607236105930623,248.0,11.460258780036968,319.0,9.421145894861192,123.0,6.4839219820769625,160.0,7.21370604147881,234.0,5.290526791770291,252.0,10.592686002522068,9.875943902238312,Music,Rapper,Person
New York City,29.0,6.144067796610169,478.0,9.596466572977313,69.0,8.778625954198475,374.0,9.533520265103238,186.0,6.937709809772473,233.0,10.76709796672828,255.0,7.531010041346723,137.0,7.221929362150763,139.0,6.266907123534715,331.0,7.483608410581054,240.0,10.08827238335435,8.66647929505273,Music,Rapper,Person
New York,29.0,6.144067796610169,416.0,8.35173659907649,58.0,7.3791348600508915,331.0,8.437420341575326,208.0,7.758299142111151,168.0,7.763401109057301,283.0,8.357944477259304,139.0,7.327358987875591,182.0,8.205590622182145,316.0,7.144472077775266,188.0,7.902480033627573,7.942964649119005,Music,Rapper,Person
Florida,37.0,7.838983050847456,321.0,6.444489058422002,73.0,9.287531806615775,269.0,6.856997196023452,136.0,5.072734054457292,127.0,5.868761552680222,203.0,5.9952746603662135,130.0,6.852925672113863,163.0,7.348963029756537,346.0,7.822744743386842,157.0,6.599411517444305,6.811951750038084,Music,Rapper,Person
Atlanta,34.0,7.203389830508473,230.0,4.617546677374021,42.0,5.34351145038168,133.0,3.3902625541677294,135.0,5.035434539350988,114.0,5.268022181146026,155.0,4.577672770230361,141.0,7.432788613600421,200.0,9.01713255184851,410.0,9.26972643002487,130.0,5.46448087431694,6.574582898121316,Music,Rapper,Person
Miami,32.0,6.779661016949152,327.0,6.56494679783176,45.0,5.7251908396946565,270.0,6.8824878919194505,155.0,5.78142484147706,130.0,6.007393715341959,217.0,6.4087418783225045,135.0,7.116499736425934,153.0,6.898106402164111,270.0,6.104453990504182,144.0,6.0529634300126105,6.434152369735785,Music,Rapper,Person
Georgia,36.0,7.627118644067796,255.0,5.1194539249146755,48.0,6.106870229007633,194.0,4.945195003823605,129.0,4.8116374487131655,98.0,4.5286506469500925,179.0,5.286473715298287,113.0,5.95677385345282,159.0,7.168620378719566,345.0,7.800135654533123,139.0,5.842791088692727,5.993771835336948,Music,Rapper,Person
Houston,41.0,8.6864406779661,290.0,5.822124071471592,45.0,5.7251908396946565,194.0,4.945195003823605,148.0,5.5203282357329355,91.0,4.205175600739372,207.0,6.1134081512108684,107.0,5.640484976278334,156.0,7.0333633904418384,264.0,5.968799457381868,139.0,5.842791088692727,5.835531576905844,Music,Rapper,Person
Brooklyn,28.0,5.932203389830509,255.0,5.1194539249146755,42.0,5.34351145038168,165.0,4.205964822839664,142.0,5.296531145095114,87.0,4.020332717190389,165.0,4.873006497341996,96.0,5.060622034791776,89.0,4.012623985572588,207.0,4.680081392719874,143.0,6.010928961748633,4.909922130650183,Music,Rapper,Person
Washington DC,11.0,2.330508474576271,224.0,4.497088937964263,20.0,2.544529262086514,219.0,5.582462401223555,181.0,6.751212234240955,128.0,5.914972273567468,160.0,4.725339633786178,59.0,3.110173958882446,66.0,2.975653742110009,138.0,3.120054261813249,105.0,4.4136191677175285,4.817287936344741,Music,Rapper,Person
Texas,15.0,3.1779661016949152,256.0,5.139530214816301,36.0,4.580152671755725,220.0,5.607953097119553,127.0,4.737038418500559,108.0,4.990757855822551,193.0,5.699940933254578,65.0,3.4264628360569316,88.0,3.967538322813345,176.0,3.9791996382545785,88.0,3.6990332072299283,4.810813591169649,Music,Rapper,Person
DMV,18.0,3.813559322033898,120.0,2.409154788195141,19.0,2.4173027989821882,74.0,1.8863114963038492,75.0,2.7974636329727707,63.0,2.911275415896488,106.0,3.130537507383343,63.0,3.3210332103321036,73.0,3.2912533814247067,132.0,2.984399728690934,49.0,2.0596889449348463,2.7937722946062893,Music,Rapper,Person
Queens,8.0,1.694915254237288,118.0,2.3690022083918887,28.0,3.5623409669211195,88.0,2.243181238847821,65.0,2.424468481909735,48.0,2.2181146025878005,80.0,2.362669816893089,39.0,2.055877701634159,38.0,1.7132551848512172,88.0,1.9895998191272892,101.0,4.245481294661623,2.557035575675376,Music,Rapper,Person
Cleveland,11.0,2.330508474576271,119.0,2.3890784982935154,12.0,1.5267175572519083,94.0,2.396125414223809,62.0,2.312569936590824,37.0,1.7097966728280962,91.0,2.687536916715889,34.0,1.792303637322087,48.0,2.1641118124436423,101.0,2.283517974225639,27.0,1.1349306431273642,2.249676320681162,Music,Rapper,Person
Bronx,13.0,2.754237288135593,106.0,2.1280867295723747,19.0,2.4173027989821882,62.0,1.580423145551874,57.0,2.126072361059306,43.0,1.9870609981515712,75.0,2.215002953337271,39.0,2.055877701634159,43.0,1.93868349864743,73.0,1.6504634863215013,54.0,2.2698612862547285,2.028512328854969,Music,Rapper,Person
Baltimore,15.0,3.1779661016949152,76.0,1.5257980325235894,10.0,1.272264631043257,52.0,1.3255161865918943,40.0,1.4919806042521446,38.0,1.756007393715342,62.0,1.831069108092144,39.0,2.055877701634159,43.0,1.93868349864743,112.0,2.53221795161655,37.0,1.5552753257671292,1.889140531075226,Music,Rapper,Person
Tampa,8.0,1.694915254237288,92.0,1.8470186709496084,11.0,1.3994910941475827,59.0,1.5039510578638802,46.0,1.7157776948899663,33.0,1.5249537892791127,51.0,1.5062020082693444,35.0,1.8450184501845017,27.0,1.2173128944995493,63.0,1.4243725977843091,29.0,1.2189995796553172,1.577549914145598,Music,Rapper,Person
Tennessee,4.0,0.847457627118644,81.0,1.6261794820317204,8.0,1.0178117048346056,56.0,1.427478970175886,34.0,1.268183513614323,26.0,1.2014787430683918,50.0,1.4766686355581808,27.0,1.4232999472851868,37.0,1.6681695220919743,81.0,1.8313361971512547,41.0,1.7234131988230348,1.5517558361735817,Music,Rapper,Person
Tokyo,4.0,0.847457627118644,52.0,1.0439670748845613,10.0,1.272264631043257,66.0,1.6823859291358656,45.0,1.6784781797836625,54.0,2.4953789279112755,29.0,0.8564678086237448,10.0,0.5271481286241433,29.0,1.307484220018034,43.0,0.9721908207099254,25.0,1.0508617065994115,1.4382017828493467,Music,Rapper,Person
New Orleans,10.0,2.11864406779661,58.0,1.1644248142943183,6.0,0.7633587786259541,50.0,1.2745347947998984,32.0,1.1935844834017157,28.0,1.2939001848428835,50.0,1.4766686355581808,23.0,1.2124406958355296,45.0,2.028854824165915,62.0,1.4017635089305902,39.0,1.639344262295082,1.4275823315534493,Music,Rapper,Person
Connecticut,6.0,1.2711864406779663,60.0,1.2045773940975706,6.0,0.7633587786259541,68.0,1.7333673209278615,36.0,1.3427825438269303,32.0,1.478743068391867,42.0,1.2404016538688718,26.0,1.3705851344227724,29.0,1.307484220018034,51.0,1.1530635315396789,29.0,1.2189995796553172,1.3449797293704342,Music,Rapper,Person
Nashville,4.0,0.847457627118644,44.0,0.8833567556715519,9.0,1.1450381679389312,35.0,0.8921743563599288,24.0,0.8951883625512868,22.0,1.0166358595194085,43.0,1.2699350265800353,17.0,0.8961518186610435,19.0,0.8566275924256086,52.0,1.175672620393398,16.0,0.6725514922236234,1.0022912098422074,Music,Rapper,Person
Lansing,2.0,0.423728813559322,4.0,0.08030515960650471,1.0,0.1272264631043257,3.0,0.07647208768799389,4.0,0.14919806042521447,1.0,0.04621072088724584,3.0,0.08860011813349085,3.0,0.158144438587243,3.0,0.13525698827772764,11.0,0.24869997739091115,2.0,0.08406893652795293,0.16805854631492942,Music,Rapper,Person
Louisiana,1.0,0.211864406779661,7.0,0.14053402931138323,2.0,0.2544529262086514,2.0,0.05098139179199593,5.0,0.18649757553151808,,,4.0,0.11813349084465447,5.0,0.26357406431207164,3.0,0.13525698827772764,6.0,0.13565453312231518,2.0,0.08406893652795293,0.15992430938324825,Music,Rapper,Person
